﻿designator,quantity,value,pack,mpn,mount_type
"C1, C2",2,470uF,C_Elec_10x10.2,,smt
"C10, C11, C12, C13, C14, C15, C18, C19, C20, C21, C22, C23, C24, C25, C26, C27, C28, C29, C7, C8, C9",21,0.1uF,C_0603_1608Metric,,smt
"C16, C17, C5, C6",4,10uF,C_1206_3216Metric,,smt
C3,1,180uF,CP_Elec_8x6.9,,smt
C4,1,330uF,C_Elec_10x10.2,,smt
"D1, D2",2,SS36,D_SMC,,smt
"D10, D11, D12, D13, D15, D16, D18, D19, D20, D21, D22, D23, D24, D25, D3, D4, D5, D6, D7, D8, D9",21,LED,LED_0603_1608Metric,,smt
"H5, H6, H7, H8",4,MountingHole_Pad,MountingHole_4mm_Pad,,tht
"IC1, IC2",2,ISO6742DWR,SOIC127P1030X265-16N,,smt
"IC10, IC11, IC12, IC13, IC6, IC7, IC8, IC9",8,NSI50010YT1G,SOD3716X135N,,smt
IC14,1,ISO6741DWR,SOIC127P1030X265-16N,,smt
IC15,1,ISO6721BDR,SOIC127P600X175-8N,,smt
IC16,1,ISO6740FDWR,SOIC127P1030X265-16N,,smt
"IC3, IC4",2,UCC12040DVER,SOIC127P1030X265-16N,,smt
IC5,1,ISO6731DWR,SOIC127P1030X265-16N,,smt
J1,1,Debug,PinHeader_1x04_P2.54mm_Vertical,,tht
J10,1,ChargePump,Molex_Micro-Fit_3.0_43650-0321_1x03_P3.00mm_Vertical,,smt
J11,1,ESDUpper,Molex_Micro-Fit_3.0_43650-0321_1x03_P3.00mm_Vertical,,smt
J12,1,ESDLower,Molex_Micro-Fit_3.0_43650-0321_1x03_P3.00mm_Vertical,,smt
J13,1,ESDActive,Molex_Micro-Fit_3.0_43650-0321_1x03_P3.00mm_Vertical,,smt
J14,1,ENDUpper,Molex_Micro-Fit_3.0_43650-0321_1x03_P3.00mm_Vertical,,smt
J15,1,ENDLower,Molex_Micro-Fit_3.0_43650-0321_1x03_P3.00mm_Vertical,,smt
J16,1,Door,Molex_Micro-Fit_3.0_43650-0321_1x03_P3.00mm_Vertical,,smt
J17,1,GPI_3,Molex_Micro-Fit_3.0_43650-0321_1x03_P3.00mm_Vertical,,smt
J18,1,GPI_4,Molex_Micro-Fit_3.0_43650-0321_1x03_P3.00mm_Vertical,,smt
J19,1,NavKey,Molex_Micro-Fit_3.0_43650-0521_1x05_P3.00mm_Vertical,,smt
J2,1,Main_Power,705530106,,tht
J20,1,Encoder,Molex_Micro-Fit_3.0_43045-1015_2x05_P3.00mm_Vertical,,smt
J21,1,ServoCtrl,Molex_Micro-Fit_3.0_43045-1015_2x05_P3.00mm_Vertical,,smt
J22,1,GPIO_EXT_1,PinHeader_1x11_P1.27mm_Vertical,,tht
J23,1,ServoSerial,Molex_Micro-Fit_3.0_43650-0521_1x05_P3.00mm_Vertical,,smt
J24,1,GPIO_EXT_2,PinHeader_1x11_P1.27mm_Vertical,,tht
J3,1,P2_EDGE_MODULE_SOCKET,Card_Edge_SMT_VERT_1.27mm_80p,,smt
J4,1,RPI,Molex_Micro-Fit_3.0_43045-0618_2x03-1MP_P3.00mm_Vertical,,smt
J5,1,GPO_2,Molex_Micro-Fit_3.0_43045-0415_2x02_P3.00mm_Vertical,,smt
J6,1,GPO_1,Molex_Micro-Fit_3.0_43045-0415_2x02_P3.00mm_Vertical,,smt
J7,1,GPI_2,Molex_Micro-Fit_3.0_43045-0415_2x02_P3.00mm_Vertical,,smt
J8,1,GPI_1,Molex_Micro-Fit_3.0_43045-0415_2x02_P3.00mm_Vertical,,smt
J9,1,Force,Molex_Micro-Fit_3.0_43045-0615_2x03_P3.00mm_Vertical,,smt
JP1,1,TTL-SINK,PinHeader_1x03_P2.54mm_Vertical,,tht
JP2,1,A_GND,PinHeader_1x02_P2.54mm_Vertical,,tht
JP3,1,B_GND,PinHeader_1x02_P2.54mm_Vertical,,tht
JP4,1,Z_GND,PinHeader_1x02_P2.54mm_Vertical,,tht
JP5,1,ZI_GND,PinHeader_1x02_P2.54mm_Vertical,,tht
L1,1,68uH/3A,L_10.4x10.4_H4.8,,smt
L2,1,47uH/3A,L_10.4x10.4_H4.8,,smt
Q1,1,NPN,TSOT-23,,smt
"R1, R2, R25, R3, R4, R5, R6, R7, R8",9,1K,R_0603_1608Metric,,smt
"R10, R11, R12, R13, R14, R15, R16, R17, R18, R19, R21, R22, R30, R31, R32, R33, R34, R35, R36, R37, R9",21,220R,R_0603_1608Metric,,smt
R24,1,43K,R_0603_1608Metric,,smt
R38,1,390R,R_0603_1608Metric,,smt
SW1,1,RESET,SW_SPST_PTS645,,smt
U1,1,XL1509-5V,SOP-8_3.9x4.9mm_P1.27mm,,smt
"U10, U11, U12, U13, U14, U15, U16, U17, U18, U19, U21, U22, U27, U28, U29, U30, U31, U32, U33, U34, U9",21,SN74LVC1G14DBV,SOT-23-5,,smt
U2,1,XL1509-3.3V,SOP-8_3.9x4.9mm_P1.27mm,,smt
U24,1,AM26LS31CD,SOIC-16_3.9x9.9mm_P1.27mm,,smt
U25,1,AM26LV32xD,SOIC-16_3.9x9.9mm_P1.27mm,,smt
U3,1,APM4953,SOP-8_3.9x4.9mm_P1.27mm,,smt
U4,1,6N137,DIP-8_W7.62mm,,tht
"U5, U6, U7, U8",4,VO2631,DIP-8_W7.62mm,,tht
kibuzzard-6474CD2A,1,G***,kibuzzard-6474CD2A,,tht
kibuzzard-6474CD43,1,G***,kibuzzard-6474CD43,,tht
kibuzzard-6474CE56,1,G***,kibuzzard-6474CE56,,tht
kibuzzard-6474CEBE,1,G***,kibuzzard-6474CEBE,,tht
kibuzzard-6474CEDF,1,G***,kibuzzard-6474CEDF,,tht
kibuzzard-6474CEEB,1,G***,kibuzzard-6474CEEB,,tht
kibuzzard-6474CF37,1,G***,kibuzzard-6474CF37,,tht
kibuzzard-6474CF4E,1,G***,kibuzzard-6474CF4E,,tht
kibuzzard-6474D10F,1,G***,kibuzzard-6474D10F,,tht
kibuzzard-6474D11D,1,G***,kibuzzard-6474D11D,,tht
kibuzzard-6474D12A,1,G***,kibuzzard-6474D12A,,tht
kibuzzard-6474D1C6,1,G***,kibuzzard-6474D1C6,,tht
kibuzzard-6474D215,1,G***,kibuzzard-6474D215,,tht
kibuzzard-6474D26F,1,G***,kibuzzard-6474D26F,,tht
kibuzzard-6474D298,1,G***,kibuzzard-6474D298,,tht
kibuzzard-6474D2B0,1,G***,kibuzzard-6474D2B0,,tht
kibuzzard-6474D2C7,1,G***,kibuzzard-6474D2C7,,tht
kibuzzard-6474D2DE,1,G***,kibuzzard-6474D2DE,,tht
kibuzzard-6474D36B,1,G***,kibuzzard-6474D36B,,tht
kibuzzard-6474D37E,1,G***,kibuzzard-6474D37E,,tht
kibuzzard-6474D3A4,1,G***,kibuzzard-6474D3A4,,tht
kibuzzard-6474D3B5,1,G***,kibuzzard-6474D3B5,,tht
kibuzzard-6474D3C7,1,G***,kibuzzard-6474D3C7,,tht
kibuzzard-6474D3D9,1,G***,kibuzzard-6474D3D9,,tht
kibuzzard-64776FD8,1,G***,kibuzzard-64776FD8,,tht
kibuzzard-6477707F,1,G***,kibuzzard-6477707F,,tht
kibuzzard-64777084,1,G***,kibuzzard-64777084,,tht
kibuzzard-6477708A,1,G***,kibuzzard-6477708A,,tht
"kibuzzard-647770C7, kibuzzard-647770C7",2,G***,kibuzzard-647770C7,,tht
kibuzzard-647770D0,1,G***,kibuzzard-647770D0,,tht
kibuzzard-647770D6,1,G***,kibuzzard-647770D6,,tht
kibuzzard-64777131,1,G***,kibuzzard-64777131,,tht
kibuzzard-64777136,1,G***,kibuzzard-64777136,,tht
kibuzzard-6477713B,1,G***,kibuzzard-6477713B,,tht
kibuzzard-6477715F,1,G***,kibuzzard-6477715F,,tht
kibuzzard-647771C1,1,G***,kibuzzard-647771C1,,tht
kibuzzard-6477723E,1,G***,kibuzzard-6477723E,,tht
kibuzzard-64777256,1,G***,kibuzzard-64777256,,tht
kibuzzard-64777263,1,G***,kibuzzard-64777263,,tht
kibuzzard-64777279,1,G***,kibuzzard-64777279,,tht
kibuzzard-64777285,1,G***,kibuzzard-64777285,,tht
kibuzzard-647772E1,1,G***,kibuzzard-647772E1,,tht
kibuzzard-647772FA,1,G***,kibuzzard-647772FA,,tht
"kibuzzard-64777339, kibuzzard-64777339",2,G***,kibuzzard-64777339,,tht
"kibuzzard-64777365, kibuzzard-64777365",2,G***,kibuzzard-64777365,,tht
kibuzzard-64777421,1,G***,kibuzzard-64777421,,tht
kibuzzard-6477742A,1,G***,kibuzzard-6477742A,,tht
kibuzzard-6477743C,1,G***,kibuzzard-6477743C,,tht
kibuzzard-64777448,1,G***,kibuzzard-64777448,,tht
kibuzzard-6477745C,1,G***,kibuzzard-6477745C,,tht
kibuzzard-64777463,1,G***,kibuzzard-64777463,,tht
kibuzzard-64777469,1,G***,kibuzzard-64777469,,tht
kibuzzard-6477746F,1,G***,kibuzzard-6477746F,,tht
kibuzzard-647774DE,1,G***,kibuzzard-647774DE,,tht
kibuzzard-64777566,1,G***,kibuzzard-64777566,,tht
kibuzzard-64777573,1,G***,kibuzzard-64777573,,tht
kibuzzard-6477757D,1,G***,kibuzzard-6477757D,,tht
kibuzzard-64777588,1,G***,kibuzzard-64777588,,tht
kibuzzard-647775A2,1,G***,kibuzzard-647775A2,,tht
"kibuzzard-64777629, kibuzzard-64777629, kibuzzard-64777629, kibuzzard-64777629, kibuzzard-64777629, kibuzzard-64777629, kibuzzard-64777629, kibuzzard-64777629",8,G***,kibuzzard-64777629,,tht
"kibuzzard-64777654, kibuzzard-64777654, kibuzzard-64777654, kibuzzard-64777654, kibuzzard-64777654, kibuzzard-64777654, kibuzzard-64777654, kibuzzard-64777654",8,G***,kibuzzard-64777654,,tht
"kibuzzard-64777688, kibuzzard-64777688, kibuzzard-64777688, kibuzzard-64777688, kibuzzard-64777688, kibuzzard-64777688, kibuzzard-64777688, kibuzzard-64777688",8,G***,kibuzzard-64777688,,tht
"kibuzzard-64777781, kibuzzard-64777781, kibuzzard-64777781, kibuzzard-64777781",4,G***,kibuzzard-64777781,,tht
"kibuzzard-6477779F, kibuzzard-6477779F, kibuzzard-6477779F, kibuzzard-6477779F",4,G***,kibuzzard-6477779F,,tht
"kibuzzard-647777A9, kibuzzard-647777A9, kibuzzard-647777A9, kibuzzard-647777A9",4,G***,kibuzzard-647777A9,,tht
"kibuzzard-647777B2, kibuzzard-647777B2, kibuzzard-647777B2, kibuzzard-647777B2",4,G***,kibuzzard-647777B2,,tht
kibuzzard-64777814,1,G***,kibuzzard-64777814,,tht
kibuzzard-64777822,1,G***,kibuzzard-64777822,,tht
kibuzzard-64777848,1,G***,kibuzzard-64777848,,tht
kibuzzard-647778CC,1,G***,kibuzzard-647778CC,,tht
kibuzzard-647778DF,1,G***,kibuzzard-647778DF,,tht
kibuzzard-647778EA,1,G***,kibuzzard-647778EA,,tht
kibuzzard-6477790B,1,G***,kibuzzard-6477790B,,tht
kibuzzard-64777917,1,G***,kibuzzard-64777917,,tht
kibuzzard-64777922,1,G***,kibuzzard-64777922,,tht
