﻿pos_x,pos_y,rotation,side,designator,mpn,pack,value,mount_type,place
83.185,-137.795,-90.0,top,C1,,C_Elec_10x10.2,470uF,smt,True
98.425,-122.428,-90.0,top,C10,,C_0603_1608Metric,0.1uF,smt,True
27.305,-162.56,0.0,top,C11,,C_0603_1608Metric,0.1uF,smt,True
111.265,-119.38,0.0,top,C12,,C_0603_1608Metric,0.1uF,smt,True
127.0,-150.99,-90.0,top,C13,,C_0603_1608Metric,0.1uF,smt,True
15.24,-162.56,90.0,top,C14,,C_0603_1608Metric,0.1uF,smt,True
10.02,-153.035,0.0,top,C15,,C_0603_1608Metric,0.1uF,smt,True
9.271,-150.495,0.0,top,C16,,C_1206_3216Metric,10uF,smt,True
127.635,-160.655,-90.0,top,C17,,C_1206_3216Metric,10uF,smt,True
127.0,-167.005,90.0,top,C18,,C_0603_1608Metric,0.1uF,smt,True
125.72,-137.31,-90.0,top,C19,,C_0603_1608Metric,0.1uF,smt,True
54.4265,-139.065,-90.0,top,C2,,C_Elec_10x10.2,470uF,smt,True
66.18,-173.99,0.0,top,C20,,C_0603_1608Metric,0.1uF,smt,True
79.235,-173.99,180.0,top,C21,,C_0603_1608Metric,0.1uF,smt,True
92.57,-173.99,0.0,top,C22,,C_0603_1608Metric,0.1uF,smt,True
105.931,-173.99,0.0,top,C23,,C_0603_1608Metric,0.1uF,smt,True
42.405,-173.99,0.0,top,C24,,C_0603_1608Metric,0.1uF,smt,True
24.765,-182.88,90.0,top,C25,,C_0603_1608Metric,0.1uF,smt,True
37.325,-186.69,180.0,top,C26,,C_0603_1608Metric,0.1uF,smt,True
50.165,-173.355,180.0,top,C27,,C_0603_1608Metric,0.1uF,smt,True
50.8,-185.42,-90.0,top,C28,,C_0603_1608Metric,0.1uF,smt,True
14.605,-182.74,90.0,top,C29,,C_0603_1608Metric,0.1uF,smt,True
80.645,-125.73,0.0,top,C3,,CP_Elec_8x6.9,180uF,smt,True
53.7915,-125.73,0.0,top,C4,,C_Elec_10x10.2,330uF,smt,True
112.395,-167.005,-90.0,top,C5,,C_1206_3216Metric,10uF,smt,True
27.686,-156.464,-90.0,top,C6,,C_1206_3216Metric,10uF,smt,True
112.395,-162.56,-90.0,top,C7,,C_0603_1608Metric,0.1uF,smt,True
27.432,-151.892,90.0,top,C8,,C_0603_1608Metric,0.1uF,smt,True
113.03,-151.27,-90.0,top,C9,,C_0603_1608Metric,0.1uF,smt,True
64.77,-137.795,-90.0,top,D1,,D_SMC,SS36,smt,True
109.264,-151.5025,180.0,top,D10,,LED_0603_1608Metric,LED,smt,True
33.0875,-163.2,0.0,top,D11,,LED_0603_1608Metric,LED,smt,True
89.11,-164.7365,0.0,top,D12,,LED_0603_1608Metric,LED,smt,True
97.814,-151.5025,180.0,top,D13,,LED_0603_1608Metric,LED,smt,True
93.98,-164.7365,0.0,top,D15,,LED_0603_1608Metric,LED,smt,True
101.624,-151.5025,180.0,top,D16,,LED_0603_1608Metric,LED,smt,True
37.203281,-163.195,0.0,top,D18,,LED_0603_1608Metric,LED,smt,True
54.778157,-164.7365,0.0,top,D19,,LED_0603_1608Metric,LED,smt,True
37.9165,-137.795,-90.0,top,D2,,D_SMC,SS36,smt,True
41.499062,-163.195,0.0,top,D20,,LED_0603_1608Metric,LED,smt,True
59.915,-164.7365,0.0,top,D21,,LED_0603_1608Metric,LED,smt,True
50.090624,-163.195,0.0,top,D22,,LED_0603_1608Metric,LED,smt,True
64.6175,-164.7365,0.0,top,D23,,LED_0603_1608Metric,LED,smt,True
45.794843,-163.195,0.0,top,D24,,LED_0603_1608Metric,LED,smt,True
69.3675,-164.7365,0.0,top,D25,,LED_0603_1608Metric,LED,smt,True
74.505,-164.7365,0.0,top,D3,,LED_0603_1608Metric,LED,smt,True
98.75,-164.7365,0.0,top,D4,,LED_0603_1608Metric,LED,smt,True
103.83,-164.7365,0.0,top,D5,,LED_0603_1608Metric,LED,smt,True
79.5275,-164.7365,0.0,top,D6,,LED_0603_1608Metric,LED,smt,True
105.454,-151.5025,180.0,top,D7,,LED_0603_1608Metric,LED,smt,True
108.7375,-164.7365,0.0,top,D8,,LED_0603_1608Metric,LED,smt,True
84.3025,-164.7365,0.0,top,D9,,LED_0603_1608Metric,LED,smt,True
4.826,-205.105,0.0,top,H5,,MountingHole_4mm_Pad,MountingHole_Pad,tht,True
17.145,-125.73,0.0,top,H6,,MountingHole_4mm_Pad,MountingHole_Pad,tht,True
135.89,-205.105,0.0,top,H7,,MountingHole_4mm_Pad,MountingHole_Pad,tht,True
135.89,-124.46,0.0,top,H8,,MountingHole_4mm_Pad,MountingHole_Pad,tht,True
120.015,-154.94,0.0,top,IC1,,SOIC127P1030X265-16N,ISO6742DWR,smt,True
96.52,-187.325,0.0,top,IC10,,SOD3716X135N,NSI50010YT1G,smt,True
102.235,-187.325,180.0,top,IC11,,SOD3716X135N,NSI50010YT1G,smt,True
111.28,-187.325,0.0,top,IC12,,SOD3716X135N,NSI50010YT1G,smt,True
116.995,-187.325,180.0,top,IC13,,SOD3716X135N,NSI50010YT1G,smt,True
34.1,-179.705,-90.0,top,IC14,,SOIC127P1030X265-16N,ISO6741DWR,smt,True
19.685,-181.61,180.0,top,IC15,,SOIC127P600X175-8N,ISO6721BDR,smt,True
57.785,-179.705,90.0,top,IC16,,SOIC127P1030X265-16N,ISO6740FDWR,smt,True
105.41,-126.238,0.0,top,IC2,,SOIC127P1030X265-16N,ISO6742DWR,smt,True
120.015,-167.005,0.0,top,IC3,,SOIC127P1030X265-16N,UCC12040DVER,smt,True
20.32,-151.13,180.0,top,IC4,,SOIC127P1030X265-16N,UCC12040DVER,smt,True
20.32,-169.92,0.0,top,IC5,,SOIC127P1030X265-16N,ISO6731DWR,smt,True
68.58,-187.325,0.0,top,IC6,,SOD3716X135N,NSI50010YT1G,smt,True
74.295,-187.325,180.0,top,IC7,,SOD3716X135N,NSI50010YT1G,smt,True
82.55,-187.325,0.0,top,IC8,,SOD3716X135N,NSI50010YT1G,smt,True
88.265,-187.325,180.0,top,IC9,,SOD3716X135N,NSI50010YT1G,smt,True
32.385,-156.845,180.0,top,J1,,PinHeader_1x04_P2.54mm_Vertical,Debug,tht,True
133.985,-139.54,180.0,top,J10,,Molex_Micro-Fit_3.0_43650-0321_1x03_P3.00mm_Vertical,ChargePump,smt,True
72.136,-206.196,180.0,top,J11,,Molex_Micro-Fit_3.0_43650-0321_1x03_P3.00mm_Vertical,ESDUpper,smt,True
72.136,-195.801,180.0,top,J12,,Molex_Micro-Fit_3.0_43650-0321_1x03_P3.00mm_Vertical,ESDLower,smt,True
87.545333,-206.196,180.0,top,J13,,Molex_Micro-Fit_3.0_43650-0321_1x03_P3.00mm_Vertical,ESDActive,smt,True
102.87,-195.801,180.0,top,J14,,Molex_Micro-Fit_3.0_43650-0321_1x03_P3.00mm_Vertical,ENDUpper,smt,True
102.87,-206.248,180.0,top,J15,,Molex_Micro-Fit_3.0_43650-0321_1x03_P3.00mm_Vertical,ENDLower,smt,True
87.545333,-195.801,180.0,top,J16,,Molex_Micro-Fit_3.0_43650-0321_1x03_P3.00mm_Vertical,Door,smt,True
118.364,-206.196,180.0,top,J17,,Molex_Micro-Fit_3.0_43650-0321_1x03_P3.00mm_Vertical,GPI_3,smt,True
118.364,-195.801,180.0,top,J18,,Molex_Micro-Fit_3.0_43650-0321_1x03_P3.00mm_Vertical,GPI_4,smt,True
6.51,-131.445,90.0,top,J19,,Molex_Micro-Fit_3.0_43650-0521_1x05_P3.00mm_Vertical,NavKey,smt,True
27.432,-132.4045,180.0,top,J2,,705530106,Main_Power,tht,True
52.578,-202.565,0.0,top,J20,,Molex_Micro-Fit_3.0_43045-1015_2x05_P3.00mm_Vertical,Encoder,smt,True
24.765,-202.565,0.0,top,J21,,Molex_Micro-Fit_3.0_43045-1015_2x05_P3.00mm_Vertical,ServoCtrl,smt,True
76.854651,-154.700261,90.0,top,J22,,PinHeader_1x11_P1.27mm_Vertical,GPIO_EXT_1,tht,True
4.0,-188.595,90.0,top,J23,,Molex_Micro-Fit_3.0_43650-0521_1x05_P3.00mm_Vertical,ServoSerial,smt,True
86.36,-151.511,-90.0,top,J24,,PinHeader_1x11_P1.27mm_Vertical,GPIO_EXT_2,tht,True
64.135,-153.035,0.0,top,J3,,Card_Edge_SMT_VERT_1.27mm_80p,P2_EDGE_MODULE_SOCKET,smt,True
121.285,-125.095,0.0,top,J4,,Molex_Micro-Fit_3.0_43045-0618_2x03-1MP_P3.00mm_Vertical,RPI,smt,True
135.001,-152.6995,90.0,top,J5,,Molex_Micro-Fit_3.0_43045-0415_2x02_P3.00mm_Vertical,GPO_2,smt,True
135.001,-165.977,90.0,top,J6,,Molex_Micro-Fit_3.0_43045-0415_2x02_P3.00mm_Vertical,GPO_1,smt,True
135.001,-179.2545,90.0,top,J7,,Molex_Micro-Fit_3.0_43045-0415_2x02_P3.00mm_Vertical,GPI_2,smt,True
135.001,-192.532,90.0,top,J8,,Molex_Micro-Fit_3.0_43045-0415_2x02_P3.00mm_Vertical,GPI_1,smt,True
6.985,-161.925,-90.0,top,J9,,Molex_Micro-Fit_3.0_43045-0615_2x03_P3.00mm_Vertical,Force,smt,True
22.209824,-194.147696,-90.0,top,JP1,,PinHeader_1x03_P2.54mm_Vertical,TTL-SINK,tht,True
48.895,-189.23,-90.0,top,JP2,,PinHeader_1x02_P2.54mm_Vertical,A_GND,tht,True
39.37,-190.5,90.0,top,JP3,,PinHeader_1x02_P2.54mm_Vertical,B_GND,tht,True
49.022252,-194.125434,-90.0,top,JP4,,PinHeader_1x02_P2.54mm_Vertical,Z_GND,tht,True
39.37,-195.58,90.0,top,JP5,,PinHeader_1x02_P2.54mm_Vertical,ZI_GND,tht,True
67.945,-125.73,0.0,top,L1,,L_10.4x10.4_H4.8,68uH/3A,smt,True
40.005,-125.73,0.0,top,L2,,L_10.4x10.4_H4.8,47uH/3A,smt,True
19.05,-188.595,180.0,top,Q1,,TSOT-23,NPN,smt,True
73.85,-174.244,180.0,top,R1,,R_0603_1608Metric,1K,smt,True
98.73,-166.6415,0.0,top,R10,,R_0603_1608Metric,220R,smt,True
103.81,-166.6415,0.0,top,R11,,R_0603_1608Metric,220R,smt,True
79.5075,-166.6415,0.0,top,R12,,R_0603_1608Metric,220R,smt,True
105.474,-153.4075,180.0,top,R13,,R_0603_1608Metric,220R,smt,True
108.7175,-166.6415,0.0,top,R14,,R_0603_1608Metric,220R,smt,True
84.2825,-166.6415,0.0,top,R15,,R_0603_1608Metric,220R,smt,True
109.284,-153.4075,0.0,top,R16,,R_0603_1608Metric,220R,smt,True
33.02,-165.1,0.0,top,R17,,R_0603_1608Metric,220R,smt,True
89.09,-166.6415,0.0,top,R18,,R_0603_1608Metric,220R,smt,True
97.834,-153.4075,0.0,top,R19,,R_0603_1608Metric,220R,smt,True
87.185,-174.117,180.0,top,R2,,R_0603_1608Metric,1K,smt,True
93.96,-166.6415,0.0,top,R21,,R_0603_1608Metric,220R,smt,True
101.644,-153.4075,0.0,top,R22,,R_0603_1608Metric,220R,smt,True
22.86,-188.595,90.0,top,R24,,R_0603_1608Metric,43K,smt,True
33.02,-186.69,0.0,top,R25,,R_0603_1608Metric,1K,smt,True
100.52,-174.117,180.0,top,R3,,R_0603_1608Metric,1K,smt,True
37.183281,-165.1,0.0,top,R30,,R_0603_1608Metric,220R,smt,True
54.758157,-166.6415,0.0,top,R31,,R_0603_1608Metric,220R,smt,True
41.479062,-165.1,0.0,top,R32,,R_0603_1608Metric,220R,smt,True
59.895,-166.6415,0.0,top,R33,,R_0603_1608Metric,220R,smt,True
50.070624,-165.1,0.0,top,R34,,R_0603_1608Metric,220R,smt,True
64.5975,-166.6415,0.0,top,R35,,R_0603_1608Metric,220R,smt,True
45.774843,-165.1,0.0,top,R36,,R_0603_1608Metric,220R,smt,True
69.3475,-166.6415,0.0,top,R37,,R_0603_1608Metric,220R,smt,True
112.205,-139.065,0.0,top,R38,,R_0603_1608Metric,390R,smt,True
113.03,-174.117,180.0,top,R4,,R_0603_1608Metric,1K,smt,True
69.66,-174.244,0.0,top,R5,,R_0603_1608Metric,1K,smt,True
82.931,-174.117,0.0,top,R6,,R_0603_1608Metric,1K,smt,True
96.33,-174.117,0.0,top,R7,,R_0603_1608Metric,1K,smt,True
109.665,-174.117,0.0,top,R8,,R_0603_1608Metric,1K,smt,True
74.485,-166.6415,0.0,top,R9,,R_0603_1608Metric,220R,smt,True
17.145,-138.43,180.0,top,SW1,,SW_SPST_PTS645,RESET,smt,True
73.025,-137.795,-90.0,top,U1,,SOP-8_3.9x4.9mm_P1.27mm,XL1509-5V,smt,True
98.73,-169.8165,90.0,top,U10,,SOT-23-5,SN74LVC1G14DBV,smt,True
103.81,-169.8165,90.0,top,U11,,SOT-23-5,SN74LVC1G14DBV,smt,True
79.5075,-169.8165,90.0,top,U12,,SOT-23-5,SN74LVC1G14DBV,smt,True
105.474,-156.5825,90.0,top,U13,,SOT-23-5,SN74LVC1G14DBV,smt,True
108.7175,-169.8165,90.0,top,U14,,SOT-23-5,SN74LVC1G14DBV,smt,True
84.2825,-169.8165,90.0,top,U15,,SOT-23-5,SN74LVC1G14DBV,smt,True
109.284,-156.5825,90.0,top,U16,,SOT-23-5,SN74LVC1G14DBV,smt,True
32.8875,-168.275,90.0,top,U17,,SOT-23-5,SN74LVC1G14DBV,smt,True
89.09,-169.8165,90.0,top,U18,,SOT-23-5,SN74LVC1G14DBV,smt,True
97.834,-156.5825,90.0,top,U19,,SOT-23-5,SN74LVC1G14DBV,smt,True
45.5365,-137.795,-90.0,top,U2,,SOP-8_3.9x4.9mm_P1.27mm,XL1509-3.3V,smt,True
93.96,-169.8165,90.0,top,U21,,SOT-23-5,SN74LVC1G14DBV,smt,True
101.644,-156.5825,90.0,top,U22,,SOT-23-5,SN74LVC1G14DBV,smt,True
31.75,-191.77,90.0,top,U24,,SOIC-16_3.9x9.9mm_P1.27mm,AM26LS31CD,smt,True
57.15,-191.77,90.0,top,U25,,SOIC-16_3.9x9.9mm_P1.27mm,AM26LV32xD,smt,True
37.183281,-168.275,90.0,top,U27,,SOT-23-5,SN74LVC1G14DBV,smt,True
54.758157,-169.8165,90.0,top,U28,,SOT-23-5,SN74LVC1G14DBV,smt,True
41.479062,-168.275,90.0,top,U29,,SOT-23-5,SN74LVC1G14DBV,smt,True
30.48,-141.055,90.0,top,U3,,SOP-8_3.9x4.9mm_P1.27mm,APM4953,smt,True
59.895,-169.8165,90.0,top,U30,,SOT-23-5,SN74LVC1G14DBV,smt,True
50.070624,-168.275,90.0,top,U31,,SOT-23-5,SN74LVC1G14DBV,smt,True
64.5975,-169.8165,90.0,top,U32,,SOT-23-5,SN74LVC1G14DBV,smt,True
45.774843,-168.275,90.0,top,U33,,SOT-23-5,SN74LVC1G14DBV,smt,True
69.3475,-169.8165,90.0,top,U34,,SOT-23-5,SN74LVC1G14DBV,smt,True
115.57,-136.535,0.0,top,U4,,DIP-8_W7.62mm,6N137,tht,True
67.955,-184.14,90.0,top,U5,,DIP-8_W7.62mm,VO2631,tht,True
81.29,-184.14,90.0,top,U6,,DIP-8_W7.62mm,VO2631,tht,True
94.625,-184.14,90.0,top,U7,,DIP-8_W7.62mm,VO2631,tht,True
107.96,-184.14,90.0,top,U8,,DIP-8_W7.62mm,VO2631,tht,True
74.485,-169.8165,90.0,top,U9,,SOT-23-5,SN74LVC1G14DBV,smt,True
118.364,-210.058,0.0,top,kibuzzard-6474CD2A,,kibuzzard-6474CD2A,G***,tht,False
118.364,-199.644,0.0,top,kibuzzard-6474CD43,,kibuzzard-6474CD43,G***,tht,False
72.136,-199.644,0.0,top,kibuzzard-6474CE56,,kibuzzard-6474CE56,G***,tht,False
77.722862,-189.905503,0.0,top,kibuzzard-6474CEBE,,kibuzzard-6474CEBE,G***,tht,False
72.39,-210.058,0.0,top,kibuzzard-6474CEDF,,kibuzzard-6474CEDF,G***,tht,False
87.884,-210.058,0.0,top,kibuzzard-6474CEEB,,kibuzzard-6474CEEB,G***,tht,False
122.415243,-189.852518,0.0,top,kibuzzard-6474CF37,,kibuzzard-6474CF37,G***,tht,False
106.172,-189.902378,0.0,top,kibuzzard-6474CF4E,,kibuzzard-6474CF4E,G***,tht,False
87.63,-199.75,0.0,top,kibuzzard-6474D10F,,kibuzzard-6474D10F,G***,tht,False
103.124,-210.058,0.0,top,kibuzzard-6474D11D,,kibuzzard-6474D11D,G***,tht,False
103.124,-199.663,0.0,top,kibuzzard-6474D12A,,kibuzzard-6474D12A,G***,tht,False
52.75,-210.058,0.0,top,kibuzzard-6474D1C6,,kibuzzard-6474D1C6,G***,tht,False
1.5,-131.75,-90.0,top,kibuzzard-6474D215,,kibuzzard-6474D215,G***,tht,False
135.0,-199.25,0.0,top,kibuzzard-6474D26F,,kibuzzard-6474D26F,G***,tht,False
140.648872,-147.035235,0.0,top,kibuzzard-6474D298,,kibuzzard-6474D298,G***,tht,False
134.75,-185.75,0.0,top,kibuzzard-6474D2B0,,kibuzzard-6474D2B0,G***,tht,False
134.5,-172.5,0.0,top,kibuzzard-6474D2C7,,kibuzzard-6474D2C7,G***,tht,False
134.75,-159.25,0.0,top,kibuzzard-6474D2DE,,kibuzzard-6474D2DE,G***,tht,False
137.853191,-130.708255,0.0,top,kibuzzard-6474D36B,,kibuzzard-6474D36B,G***,tht,False
136.03252,-144.646161,0.0,top,kibuzzard-6474D37E,,kibuzzard-6474D37E,G***,tht,False
45.5,-184.25,0.0,top,kibuzzard-6474D3A4,,kibuzzard-6474D3A4,G***,tht,False
24.570511,-210.112402,0.0,top,kibuzzard-6474D3B5,,kibuzzard-6474D3B5,G***,tht,False
-0.5,-186.25,-90.0,top,kibuzzard-6474D3C7,,kibuzzard-6474D3C7,G***,tht,False
-0.5,-149.0,-90.0,top,kibuzzard-6474D3D9,,kibuzzard-6474D3D9,G***,tht,False
29.972,-153.162,-90.0,top,kibuzzard-64776FD8,,kibuzzard-64776FD8,G***,tht,False
1.016,-157.226,0.0,top,kibuzzard-6477707F,,kibuzzard-6477707F,G***,tht,False
0.508,-160.440657,0.0,top,kibuzzard-64777084,,kibuzzard-64777084,G***,tht,False
0.508,-163.471735,0.0,top,kibuzzard-6477708A,,kibuzzard-6477708A,G***,tht,False
12.954,-157.226,0.0,top,kibuzzard-647770C7,,kibuzzard-647770C7,G***,tht,False
10.16,-194.564,0.0,top,kibuzzard-647770C7,,kibuzzard-647770C7,G***,tht,False
12.979139,-160.383996,0.0,top,kibuzzard-647770D0,,kibuzzard-647770D0,G***,tht,False
12.7,-163.458917,0.0,top,kibuzzard-647770D6,,kibuzzard-647770D6,G***,tht,False
10.16,-191.516,0.0,top,kibuzzard-64777131,,kibuzzard-64777131,G***,tht,False
10.16,-188.468,0.0,top,kibuzzard-64777136,,kibuzzard-64777136,G***,tht,False
10.629266,-185.673076,0.0,top,kibuzzard-6477713B,,kibuzzard-6477713B,G***,tht,False
10.668,-182.626,0.0,top,kibuzzard-6477715F,,kibuzzard-6477715F,G***,tht,False
28.702,-135.636,0.0,top,kibuzzard-647771C1,,kibuzzard-647771C1,G***,tht,False
17.176007,-197.381065,-90.0,top,kibuzzard-6477723E,,kibuzzard-6477723E,G***,tht,False
20.275386,-197.39322,-90.0,top,kibuzzard-64777256,,kibuzzard-64777256,G***,tht,False
23.289684,-197.356757,-90.0,top,kibuzzard-64777263,,kibuzzard-64777263,G***,tht,False
26.267519,-197.344602,-90.0,top,kibuzzard-64777279,,kibuzzard-64777279,G***,tht,False
29.257508,-197.344602,-90.0,top,kibuzzard-64777285,,kibuzzard-64777285,G***,tht,False
20.291753,-207.354301,-90.0,top,kibuzzard-647772E1,,kibuzzard-647772E1,G***,tht,False
17.161307,-207.414502,-90.0,top,kibuzzard-647772FA,,kibuzzard-647772FA,G***,tht,False
23.271696,-207.218849,-90.0,top,kibuzzard-64777339,,kibuzzard-64777339,G***,tht,False
26.26669,-207.233899,-90.0,top,kibuzzard-64777339,,kibuzzard-64777339,G***,tht,False
29.276733,-207.248949,-90.0,top,kibuzzard-64777365,,kibuzzard-64777365,G***,tht,False
45.001811,-207.445502,-90.0,top,kibuzzard-64777365,,kibuzzard-64777365,G***,tht,False
48.08425,-207.263999,-90.0,top,kibuzzard-64777421,,kibuzzard-64777421,G***,tht,False
51.093962,-207.263999,-90.0,top,kibuzzard-6477742A,,kibuzzard-6477742A,G***,tht,False
54.103674,-207.307937,-90.0,top,kibuzzard-6477743C,,kibuzzard-6477743C,G***,tht,False
57.102402,-207.274984,-90.0,top,kibuzzard-64777448,,kibuzzard-64777448,G***,tht,False
40.622195,-193.163142,0.0,top,kibuzzard-6477745C,,kibuzzard-6477745C,G***,tht,False
40.519824,-187.757927,0.0,top,kibuzzard-64777463,,kibuzzard-64777463,G***,tht,False
47.625,-186.69,0.0,top,kibuzzard-64777469,,kibuzzard-64777469,G***,tht,False
47.706303,-191.729941,0.0,top,kibuzzard-6477746F,,kibuzzard-6477746F,G***,tht,False
19.67,-191.541431,0.0,top,kibuzzard-647774DE,,kibuzzard-647774DE,G***,tht,False
44.958,-197.382328,-90.0,top,kibuzzard-64777566,,kibuzzard-64777566,G***,tht,False
48.101863,-197.338358,-90.0,top,kibuzzard-64777573,,kibuzzard-64777573,G***,tht,False
51.09183,-197.327366,-90.0,top,kibuzzard-6477757D,,kibuzzard-6477757D,G***,tht,False
54.081798,-197.228433,-90.0,top,kibuzzard-64777588,,kibuzzard-64777588,G***,tht,False
57.093751,-197.404313,-90.0,top,kibuzzard-647775A2,,kibuzzard-647775A2,G***,tht,False
73.624819,-192.255124,90.0,top,kibuzzard-64777629,,kibuzzard-64777629,G***,tht,False
89.04892,-202.814176,90.0,top,kibuzzard-64777629,,kibuzzard-64777629,G***,tht,False
89.023508,-192.344494,90.0,top,kibuzzard-64777629,,kibuzzard-64777629,G***,tht,False
104.321442,-192.268258,90.0,top,kibuzzard-64777629,,kibuzzard-64777629,G***,tht,False
119.844315,-192.208383,90.0,top,kibuzzard-64777629,,kibuzzard-64777629,G***,tht,False
73.624819,-202.814043,90.0,top,kibuzzard-64777629,,kibuzzard-64777629,G***,tht,False
119.844315,-202.6464,90.0,top,kibuzzard-64777629,,kibuzzard-64777629,G***,tht,False
104.346854,-202.585469,90.0,top,kibuzzard-64777629,,kibuzzard-64777629,G***,tht,False
101.322709,-192.162669,90.0,top,kibuzzard-64777654,,kibuzzard-64777654,G***,tht,False
86.024775,-192.238905,90.0,top,kibuzzard-64777654,,kibuzzard-64777654,G***,tht,False
86.050187,-202.708587,90.0,top,kibuzzard-64777654,,kibuzzard-64777654,G***,tht,False
70.626086,-192.149535,90.0,top,kibuzzard-64777654,,kibuzzard-64777654,G***,tht,False
70.626086,-202.708454,90.0,top,kibuzzard-64777654,,kibuzzard-64777654,G***,tht,False
116.845582,-192.102794,90.0,top,kibuzzard-64777654,,kibuzzard-64777654,G***,tht,False
116.845582,-202.540811,90.0,top,kibuzzard-64777654,,kibuzzard-64777654,G***,tht,False
101.348121,-202.47988,90.0,top,kibuzzard-64777654,,kibuzzard-64777654,G***,tht,False
98.302858,-192.120433,-90.0,top,kibuzzard-64777688,,kibuzzard-64777688,G***,tht,False
83.030336,-202.666351,-90.0,top,kibuzzard-64777688,,kibuzzard-64777688,G***,tht,False
83.004924,-192.196669,-90.0,top,kibuzzard-64777688,,kibuzzard-64777688,G***,tht,False
67.606235,-192.107299,-90.0,top,kibuzzard-64777688,,kibuzzard-64777688,G***,tht,False
113.825731,-202.498575,-90.0,top,kibuzzard-64777688,,kibuzzard-64777688,G***,tht,False
67.606235,-202.666218,-90.0,top,kibuzzard-64777688,,kibuzzard-64777688,G***,tht,False
113.825731,-192.060558,-90.0,top,kibuzzard-64777688,,kibuzzard-64777688,G***,tht,False
98.32827,-202.437644,-90.0,top,kibuzzard-64777688,,kibuzzard-64777688,G***,tht,False
129.905383,-152.662542,0.0,top,kibuzzard-64777781,,kibuzzard-64777781,G***,tht,False
129.692154,-192.504627,0.0,top,kibuzzard-64777781,,kibuzzard-64777781,G***,tht,False
130.164691,-165.91967,0.0,top,kibuzzard-64777781,,kibuzzard-64777781,G***,tht,False
129.872969,-179.241625,0.0,top,kibuzzard-64777781,,kibuzzard-64777781,G***,tht,False
129.720815,-176.220998,0.0,top,kibuzzard-6477779F,,kibuzzard-6477779F,G***,tht,False
129.753229,-149.641915,0.0,top,kibuzzard-6477779F,,kibuzzard-6477779F,G***,tht,False
130.012537,-162.899043,0.0,top,kibuzzard-6477779F,,kibuzzard-6477779F,G***,tht,False
129.54,-189.484,0.0,top,kibuzzard-6477779F,,kibuzzard-6477779F,G***,tht,False
140.351213,-179.270939,0.0,top,kibuzzard-647777A9,,kibuzzard-647777A9,G***,tht,False
140.170398,-192.533941,0.0,top,kibuzzard-647777A9,,kibuzzard-647777A9,G***,tht,False
140.642935,-165.948984,0.0,top,kibuzzard-647777A9,,kibuzzard-647777A9,G***,tht,False
140.383627,-152.691856,0.0,top,kibuzzard-647777A9,,kibuzzard-647777A9,G***,tht,False
140.459865,-149.641394,0.0,top,kibuzzard-647777B2,,kibuzzard-647777B2,G***,tht,False
140.719173,-162.898522,0.0,top,kibuzzard-647777B2,,kibuzzard-647777B2,G***,tht,False
140.427451,-176.220477,0.0,top,kibuzzard-647777B2,,kibuzzard-647777B2,G***,tht,False
140.246636,-189.483479,0.0,top,kibuzzard-647777B2,,kibuzzard-647777B2,G***,tht,False
130.556,-134.112,0.0,top,kibuzzard-64777814,,kibuzzard-64777814,G***,tht,False
133.858,-134.112,0.0,top,kibuzzard-64777822,,kibuzzard-64777822,G***,tht,False
136.906,-134.112,0.0,top,kibuzzard-64777848,,kibuzzard-64777848,G***,tht,False
116.729725,-130.336527,-90.0,top,kibuzzard-647778CC,,kibuzzard-647778CC,G***,tht,False
119.802662,-130.048,-90.0,top,kibuzzard-647778DF,,kibuzzard-647778DF,G***,tht,False
122.784944,-130.284507,-90.0,top,kibuzzard-647778EA,,kibuzzard-647778EA,G***,tht,False
116.686396,-119.855153,-90.0,top,kibuzzard-6477790B,,kibuzzard-6477790B,G***,tht,False
119.769992,-119.855153,-90.0,top,kibuzzard-64777917,,kibuzzard-64777917,G***,tht,False
122.79622,-119.826469,-90.0,top,kibuzzard-64777922,,kibuzzard-64777922,G***,tht,False
