Designator,Footprint,Quantity,Value,LCSC Part #
"C1, C2",C_Elec_10x10.2,2,470uF,
"C10, C11, C12, C13, C14, C15, C18, C19, C20, C21, C22, C23, C24, C25, C26, C27, C28, C29, C7, C8, C9",0603,21,0.1uF,
"C16, C17, C5, C6",1206,4,10uF,
C3,CP_Elec_8x6.9,1,180uF,
C4,C_Elec_10x10.2,1,330uF,
"D1, D2",D_SMC,2,SS36,C35722
"D10, D11, D12, D13, D15, D16, D18, D19, D20, D21, D22, D23, D24, D25, D3, D4, D5, D6, D7, D8, D9",0603,21,LED,
"H5, H6, H7, H8",MountingHole_4mm_Pad,4,MountingHole_Pad,
"IC1, IC2",SOIC127P1030X265-16N,2,ISO6742DWR,
"IC10, IC11, IC12, IC13, IC6, IC7, IC8, IC9",SOD3716X135N,8,NSI50010YT1G,
IC14,SOIC127P1030X265-16N,1,ISO6741DWR,
IC15,SOIC127P600X175-8N,1,ISO6721BDR,
IC16,SOIC127P1030X265-16N,1,ISO6740FDWR,
"IC3, IC4",SOIC127P1030X265-16N,2,UCC12040DVER,
IC5,SOIC127P1030X265-16N,1,ISO6731DWR,
J1,PinHeader_1x04_P2.54mm_Vertical,1,Debug,
J10,Molex_Micro-Fit_3.0_43650-0321_1x03_P3.00mm_Vertical,1,ChargePump,
J11,Molex_Micro-Fit_3.0_43650-0321_1x03_P3.00mm_Vertical,1,ESDUpper,
J12,Molex_Micro-Fit_3.0_43650-0321_1x03_P3.00mm_Vertical,1,ESDLower,
J13,Molex_Micro-Fit_3.0_43650-0321_1x03_P3.00mm_Vertical,1,ESDActive,
J14,Molex_Micro-Fit_3.0_43650-0321_1x03_P3.00mm_Vertical,1,ENDUpper,
J15,Molex_Micro-Fit_3.0_43650-0321_1x03_P3.00mm_Vertical,1,ENDLower,
J16,Molex_Micro-Fit_3.0_43650-0321_1x03_P3.00mm_Vertical,1,Door,
J17,Molex_Micro-Fit_3.0_43650-0321_1x03_P3.00mm_Vertical,1,GPI_3,
J18,Molex_Micro-Fit_3.0_43650-0321_1x03_P3.00mm_Vertical,1,GPI_4,
J19,Molex_Micro-Fit_3.0_43650-0521_1x05_P3.00mm_Vertical,1,NavKey,
J2,705530106,1,Main_Power,
J20,Molex_Micro-Fit_3.0_43045-1015_2x05_P3.00mm_Vertical,1,Encoder,
J21,Molex_Micro-Fit_3.0_43045-1015_2x05_P3.00mm_Vertical,1,ServoCtrl,
J22,PinHeader_1x11_P1.27mm_Vertical,1,GPIO_EXT_1,
J23,Molex_Micro-Fit_3.0_43650-0521_1x05_P3.00mm_Vertical,1,ServoSerial,
J24,PinHeader_1x11_P1.27mm_Vertical,1,GPIO_EXT_2,
J3,Card_Edge_SMT_VERT_1.27mm_80p,1,P2_EDGE_MODULE_SOCKET,
J4,Molex_Micro-Fit_3.0_43045-0618_2x03-1MP_P3.00mm_Vertical,1,RPI,
J5,Molex_Micro-Fit_3.0_43045-0415_2x02_P3.00mm_Vertical,1,GPO_2,
J6,Molex_Micro-Fit_3.0_43045-0415_2x02_P3.00mm_Vertical,1,GPO_1,
J7,Molex_Micro-Fit_3.0_43045-0415_2x02_P3.00mm_Vertical,1,GPI_2,
J8,Molex_Micro-Fit_3.0_43045-0415_2x02_P3.00mm_Vertical,1,GPI_1,
J9,Molex_Micro-Fit_3.0_43045-0615_2x03_P3.00mm_Vertical,1,Force,
JP1,PinHeader_1x03_P2.54mm_Vertical,1,TTL-SINK,
JP2,PinHeader_1x02_P2.54mm_Vertical,1,A_GND,
JP3,PinHeader_1x02_P2.54mm_Vertical,1,B_GND,
JP4,PinHeader_1x02_P2.54mm_Vertical,1,Z_GND,
JP5,PinHeader_1x02_P2.54mm_Vertical,1,ZI_GND,
L1,L_10.4x10.4_H4.8,1,68uH/3A,
L2,L_10.4x10.4_H4.8,1,47uH/3A,C364091
Q1,TSOT-23,1,NPN,
"R1, R2, R25, R3, R4, R5, R6, R7, R8",0603,9,1K,
"R10, R11, R12, R13, R14, R15, R16, R17, R18, R19, R21, R22, R30, R31, R32, R33, R34, R35, R36, R37, R9",0603,21,220R,
R24,0603,1,43K,
R38,0603,1,390R,
SW1,SW_SPST_PTS645,1,RESET,
U1,SOP-8_3.9x4.9mm_P1.27mm,1,XL1509-5V,C61063
"U10, U11, U12, U13, U14, U15, U16, U17, U18, U19, U21, U22, U27, U28, U29, U30, U31, U32, U33, U34, U9",SOT-23-5,21,SN74LVC1G14DBV,
U2,SOP-8_3.9x4.9mm_P1.27mm,1,XL1509-3.3V,C74193 
U24,SOIC-16_3.9x9.9mm_P1.27mm,1,AM26LS31CD,
U25,SOIC-16_3.9x9.9mm_P1.27mm,1,AM26LV32xD,
U3,SOP-8_3.9x4.9mm_P1.27mm,1,APM4953,C20897
U4,DIP-8_W7.62mm,1,6N137,
"U5, U6, U7, U8",DIP-8_W7.62mm,4,VO2631,
